{"id":"A0D604C5-A501-46CB-BB32-EE1CF2B40B1D","validationEntity":{"analysedDataType":"auto","dataResult":{}},"modelEntity":{"createdDate":"2021-03-20T23:03:07Z","id":"BC40C225-EDF1-4FB4-B7DE-B9EB0BEE8AF6","experimentID":"A0D604C5-A501-46CB-BB32-EE1CF2B40B1D","title":"","modifiedDate":"2021-03-20T23:03:07Z","preferredFilename":"","version":"1.0","modelURL":"Models\/EyeClassifer.mlmodel\/"},"version":"1.0","settingEntity":{"taskType":"imageClassifier","augmentations":[],"styleTransferAlgorithmType":"image","iterationCount":25,"transferLearningEmbeddingType":"dynamic","harVideoAugmentations":0,"algorithmType":"maxEnt","seedType":"default","featureNames":[]},"state":"trained","trainingEntity":{"finishTime":"2021-03-20T23:03:29Z","recipeTrainingResults":{"imageClassifier":{"confusionMatrix":[{"expected":"dilated","actual":"dilated","count":25},{"expected":"normal","actual":"normal","count":33}],"statsByLabel":{"dilated":{"count":25,"precisionRecall":{"success":{"recall":1,"precision":1}}},"normal":{"count":33,"precisionRecall":{"success":{"recall":1,"precision":1}}}},"accuracy":1}},"dataResult":{"itemsCount":67,"dataURL":"file:\/\/\/Users\/ritvik\/Developer\/dv3\/imageTrainingModel\/train\/","classesCount":2,"dataSourceID":"40494C04-4D6D-4904-B47A-A7F7ED5AA136","analysis":{"summary":{"sampleCount":67,"classCount":2,"canUseValidation":1},"issues":[{"description":"2 classes found, including normal, dilated","severity":"debug"},{"description":"67 images found, automatically creating validation set","severity":"good"},{"description":"Smallest class is \"dilated\" with 29 images","severity":"debug"},{"description":"Largest class is \"normal\" with 38 images","severity":"debug"}],"classifierAnalysis":{"columns":[],"vizualizerSpec":"","labelStats":{"dilated":29,"normal":38}}}},"dataURL":"file:\/\/\/Users\/ritvik\/Developer\/dv3\/imageTrainingModel\/train\/","featureExtractionCheckpointMayBeAvailable":false,"recipeValidationResults":{"imageClassifier":{"confusionMatrix":[{"expected":"dilated","actual":"dilated","count":3},{"expected":"normal","actual":"dilated","count":1},{"expected":"normal","actual":"normal","count":5}],"statsByLabel":{"dilated":{"count":4,"precisionRecall":{"success":{"recall":0.75,"precision":1}}},"normal":{"count":5,"precisionRecall":{"success":{"recall":1,"precision":0.83333333333333337}}}},"accuracy":0.88888888888888884}},"progress":[{"icTrainingColumnHeader":{"hasValidation":true,"elapsedTime":0.15131600000000001,"trainingAccuracy":0.56896599999999997,"iterationCount":1,"validationAccuracy":0.55555600000000005},"isLast":false,"currentRowIndex":0,"count":1,"tableDone":false,"tableIndex":2,"percentComplete":0},{"icTrainingColumnHeader":{"hasValidation":true,"elapsedTime":0.499309,"trainingAccuracy":0.91379299999999997,"iterationCount":2,"validationAccuracy":0.88888900000000004},"isLast":false,"currentRowIndex":0,"count":2,"tableDone":false,"tableIndex":2,"percentComplete":0},{"icTrainingColumnHeader":{"hasValidation":true,"elapsedTime":0.553813,"trainingAccuracy":0.98275900000000005,"iterationCount":3,"validationAccuracy":0.88888900000000004},"isLast":false,"currentRowIndex":0,"count":3,"tableDone":false,"tableIndex":2,"percentComplete":0},{"icTrainingColumnHeader":{"hasValidation":true,"elapsedTime":0.69505799999999995,"trainingAccuracy":0.87931000000000004,"iterationCount":4,"validationAccuracy":0.88888900000000004},"isLast":false,"currentRowIndex":0,"count":4,"tableDone":false,"tableIndex":2,"percentComplete":0},{"icTrainingColumnHeader":{"hasValidation":true,"elapsedTime":0.81937099999999996,"trainingAccuracy":1,"iterationCount":5,"validationAccuracy":0.88888900000000004},"isLast":false,"currentRowIndex":0,"count":5,"tableDone":false,"tableIndex":2,"percentComplete":0},{"icTrainingColumnHeader":{"hasValidation":true,"elapsedTime":1.1688529999999999,"trainingAccuracy":1,"iterationCount":10,"validationAccuracy":0.88888900000000004},"isLast":false,"currentRowIndex":0,"count":10,"tableDone":true,"tableIndex":2,"percentComplete":0},{"currentRowIndex":0,"tableIndex":0,"count":25,"isLast":false,"percentComplete":0,"tableDone":false},{"currentRowIndex":0,"tableIndex":0,"count":50,"isLast":false,"percentComplete":0,"tableDone":false}],"trainingAccuracy":1,"checkpointMetrics":{},"analysedDataType":"datasource","dataSourceID":"40494C04-4D6D-4904-B47A-A7F7ED5AA136","snapshottableCheckpoints":{},"validationAccuracy":0.88888888888888884,"startTime":"2021-03-20T23:03:18Z"},"createdDate":"2021-03-20T23:03:07Z","snapshotRole":{"withoutSnapshots":0},"evaluationEntities":[{"result":{"imageClassifier":{"statsByLabel":{"dilated":{"count":7,"precisionRecall":{"success":{"recall":1,"precision":0.875}}},"normal":{"count":7,"precisionRecall":{"success":{"recall":0.8571428571428571,"precision":1}}}},"accuracy":0.9285714285714286}},"dataURL":"file:\/\/\/Users\/ritvik\/Developer\/dv3\/imageTrainingModel\/test\/","id":"a85b8b39-1a15-4e67-abe2-6d10d9a1c13d","dataResult":{"itemsCount":14,"dataURL":"file:\/\/\/Users\/ritvik\/Developer\/dv3\/imageTrainingModel\/test\/","classesCount":2,"dataSourceID":"0366E660-9340-46A8-B148-B79365343ABB","analysis":{"summary":{"sampleCount":14,"classCount":2,"canUseValidation":0},"issues":[{"description":"2 classes found, including dilated, normal","severity":"debug"},{"description":"Less than 50 total images found - add more to improve model validation","severity":"warning"},{"description":"Smallest class is \"normal\" with 7 images","severity":"debug"},{"description":"Largest class is \"dilated\" with 7 images","severity":"debug"}],"classifierAnalysis":{"columns":[],"vizualizerSpec":"","labelStats":{"dilated":7,"normal":7}}}},"dataSourceID":"0366E660-9340-46A8-B148-B79365343ABB","analysedDataType":"none","accuracy":0.9285714285714286,"startTime":"2021-03-20T23:03:31Z","finishTime":"2021-03-20T23:03:33Z"},{"id":"70c89662-3529-4c6d-9dd4-173c8b737bf0","dataResult":{"itemsCount":14,"dataURL":"file:\/\/\/Users\/ritvik\/Developer\/dv3\/imageTrainingModel\/test\/","classesCount":2,"dataSourceID":"0366E660-9340-46A8-B148-B79365343ABB","analysis":{"summary":{"sampleCount":14,"classCount":2,"canUseValidation":0},"issues":[{"description":"2 classes found, including dilated, normal","severity":"debug"},{"description":"Less than 50 total images found - add more to improve model validation","severity":"warning"},{"description":"Smallest class is \"normal\" with 7 images","severity":"debug"},{"description":"Largest class is \"dilated\" with 7 images","severity":"debug"}],"classifierAnalysis":{"columns":[],"vizualizerSpec":"","labelStats":{"dilated":7,"normal":7}}}},"dataURL":"file:\/\/\/Users\/ritvik\/Developer\/dv3\/imageTrainingModel\/test\/","dataSourceID":"0366E660-9340-46A8-B148-B79365343ABB","analysedDataType":"none"}],"activityEntities":["evaluationStarted",[{"id":"AF45D63E-18CC-4B9F-8D4D-207E76753FDB","title":"Testing Started","createdDate":"2021-03-20T23:03:31Z","event":"evaluationStarted","subtitle":"EyeClassifer"}],"trainingDataAdded",[{"id":"9144D4F9-AB34-4F44-80E9-FB2D8E060EE4","title":"Training Data Added","createdDate":"2021-03-20T23:03:16Z","event":"trainingDataAdded","subtitle":"train"}],"evaluationFinished",[{"id":"92E8C979-57AD-4FFA-A4F3-4A540EB45AB8","title":"Testing Completed","createdDate":"2021-03-20T23:03:33Z","event":"evaluationFinished","subtitle":"EyeClassifer"}],"experimentCreated",[{"id":"F6493F30-F094-4DD2-9EDA-C6AF432EF67F","title":"Model Source Created","createdDate":"2021-03-20T23:03:07Z","event":"experimentCreated","subtitle":"EyeClassifer"}],"trainingFinished",[{"id":"23F8AB32-7F43-4041-9642-FB3AC40705E9","title":"Training Completed","createdDate":"2021-03-20T23:03:29Z","event":"trainingFinished","subtitle":"Model converged at 10 iterations"}],"trainingStarted",[{"id":"97DD24B4-D2B2-4244-9FFC-04F504603B57","title":"Training Started","createdDate":"2021-03-20T23:03:18Z","event":"trainingStarted","subtitle":"25 iterations"}],"evaluationDataAdded",[{"id":"51DF27CD-2F9C-4D2C-AB04-F546E9ECE83A","title":"Testing Data Added","createdDate":"2021-03-20T23:03:17Z","event":"evaluationDataAdded","subtitle":"test"}]],"title":"EyeClassifer 2","evaluationEntity":{"result":{"imageClassifier":{"statsByLabel":{"dilated":{"count":7,"precisionRecall":{"success":{"recall":1,"precision":0.875}}},"normal":{"count":7,"precisionRecall":{"success":{"recall":0.8571428571428571,"precision":1}}}},"accuracy":0.9285714285714286}},"dataURL":"file:\/\/\/Users\/ritvik\/Developer\/dv3\/imageTrainingModel\/test\/","id":"4a1ab8de-4242-48de-83bc-7969d99aa741","dataResult":{"itemsCount":14,"dataURL":"file:\/\/\/Users\/ritvik\/Developer\/dv3\/imageTrainingModel\/test\/","classesCount":2,"dataSourceID":"0366E660-9340-46A8-B148-B79365343ABB","analysis":{"summary":{"canUseValidation":0,"classCount":2,"sampleCount":14},"issues":[{"description":"2 classes found, including dilated, normal","severity":"debug"},{"description":"Less than 50 total images found - add more to improve model validation","severity":"warning"},{"description":"Smallest class is \"normal\" with 7 images","severity":"debug"},{"description":"Largest class is \"dilated\" with 7 images","severity":"debug"}],"classifierAnalysis":{"columns":[],"vizualizerSpec":"","labelStats":{"dilated":7,"normal":7}}}},"dataSourceID":"0366E660-9340-46A8-B148-B79365343ABB","analysedDataType":"none","accuracy":0.9285714285714286,"startTime":"2021-03-20T23:03:31Z","finishTime":"2021-03-20T23:03:33Z"},"evaluationState":"evaluated","contentDataResult":{},"modifiedDate":"2021-03-20T23:04:14Z","preferredFilename":"EyeClassifer"}