{"dataURL":"file:\/\/\/Users\/ritvik\/Developer\/dv3\/imageTrainingModel\/train\/","id":"40494C04-4D6D-4904-B47A-A7F7ED5AA136","createdDate":"2021-03-20T22:34:34Z","title":"train","modifiedDate":"2021-03-20T23:04:11Z","preferredFilename":"train","version":"1.0","dataResult":{"itemsCount":56,"dataURL":"file:\/\/\/Users\/ritvik\/Developer\/dv3\/imageTrainingModel\/train\/","classesCount":2,"analysis":{"summary":{"sampleCount":56,"classCount":2,"canUseValidation":1},"issues":[{"description":"2 classes found, including dilated, normal","severity":"debug"},{"description":"56 images found, automatically creating validation set","severity":"good"},{"description":"Smallest class is \"normal\" with 27 images","severity":"debug"},{"description":"Largest class is \"dilated\" with 29 images","severity":"debug"}],"classifierAnalysis":{"columns":[],"vizualizerSpec":"","labelStats":{"dilated":29,"normal":27}}}},"activityEntities":["dataSourceCreated",[{"id":"2904E451-C72C-48CF-A4C9-272C49B2F726","title":"Data Source Created","createdDate":"2021-03-20T22:34:34Z","event":"dataSourceCreated","subtitle":"train"}],"dataSourceTrainingStarted",[{"id":"25249E12-F0F6-4125-A3F1-FFD0579E959C","title":"Used By","createdDate":"2021-03-20T22:42:51Z","event":"dataSourceTrainingStarted","subtitle":"EyeClassifer 1"},{"id":"16B1E539-F043-4E32-8B5B-3B82F072B9C3","title":"Used By","createdDate":"2021-03-20T23:00:25Z","event":"dataSourceTrainingStarted","subtitle":"EyeClassifer 1 copy"},{"id":"D1DB631C-0C56-4826-960B-FCC80F1EF3B4","title":"Used By","createdDate":"2021-03-20T23:03:18Z","event":"dataSourceTrainingStarted","subtitle":"EyeClassifer 2"}],"dataSourceMetrics",[{"id":"2371BFFB-4316-4CBF-BA2F-2C4D3FB62D2C","title":"Data Summary","createdDate":"2021-03-20T22:42:51Z","event":"dataSourceMetrics","subtitle":"2 Classes, 32 Items"},{"id":"AAB273F7-E138-44A9-B7D5-C31921668E3F","title":"Data Summary","createdDate":"2021-03-20T23:00:25Z","event":"dataSourceMetrics","subtitle":"2 Classes, 56 Items"},{"id":"8F3B9C6A-F9E9-43EE-85F8-FE66731A7FF6","title":"Data Summary","createdDate":"2021-03-20T23:03:18Z","event":"dataSourceMetrics","subtitle":"2 Classes, 67 Items"}]],"pathType":0,"experimentIDs":["A0D604C5-A501-46CB-BB32-EE1CF2B40B1D"]}